existence,https://en.wiktionary.org/wiki/existence
inexistence,https://en.wiktionary.org/wiki/inexistence
substantiality,https://en.wiktionary.org/wiki/substantiality
unsubstantiality,https://en.wiktionary.org/wiki/unsubstantiality
intrinsicality,https://en.wiktionary.org/wiki/intrinsicality
extrinsicality,https://en.wiktionary.org/wiki/extrinsicality
state,https://en.wiktionary.org/wiki/state
circumstance,https://en.wiktionary.org/wiki/circumstance
relation,https://en.wiktionary.org/wiki/relation
irrelation,https://en.wiktionary.org/wiki/irrelation
consanguinity,https://en.wiktionary.org/wiki/consanguinity
correlation,https://en.wiktionary.org/wiki/correlation
identity,https://en.wiktionary.org/wiki/identity
contrariety,https://en.wiktionary.org/wiki/contrariety
difference,https://en.wiktionary.org/wiki/difference
uniformity,https://en.wiktionary.org/wiki/uniformity
nonuniformity,https://en.wiktionary.org/wiki/nonuniformity
similarity,https://en.wiktionary.org/wiki/similarity
dissimilarity,https://en.wiktionary.org/wiki/dissimilarity
imitation,https://en.wiktionary.org/wiki/imitation
nonimitation,https://en.wiktionary.org/wiki/nonimitation
variation,https://en.wiktionary.org/wiki/variation
copy,https://en.wiktionary.org/wiki/copy
prototype,https://en.wiktionary.org/wiki/prototype
agreement,https://en.wiktionary.org/wiki/agreement
disagreement,https://en.wiktionary.org/wiki/disagreement
quantity,https://en.wiktionary.org/wiki/quantity
degree,https://en.wiktionary.org/wiki/degree
equality,https://en.wiktionary.org/wiki/equality
inequality,https://en.wiktionary.org/wiki/inequality
mean,https://en.wiktionary.org/wiki/mean
compensation,https://en.wiktionary.org/wiki/compensation
greatness,https://en.wiktionary.org/wiki/greatness
smallness,https://en.wiktionary.org/wiki/smallness
superiority,https://en.wiktionary.org/wiki/superiority
inferiority,https://en.wiktionary.org/wiki/inferiority
increase,https://en.wiktionary.org/wiki/increase
nonincrease,https://en.wiktionary.org/wiki/nonincrease
addition,https://en.wiktionary.org/wiki/addition
nonaddition,https://en.wiktionary.org/wiki/nonaddition
adjunct,https://en.wiktionary.org/wiki/adjunct
remainder,https://en.wiktionary.org/wiki/remainder
decrement,https://en.wiktionary.org/wiki/decrement
mixture,https://en.wiktionary.org/wiki/mixture
simpleness,https://en.wiktionary.org/wiki/simpleness
junction,https://en.wiktionary.org/wiki/junction
disjunction,https://en.wiktionary.org/wiki/disjunction
connection,https://en.wiktionary.org/wiki/connection
coherence,https://en.wiktionary.org/wiki/coherence
incoherence,https://en.wiktionary.org/wiki/incoherence
combination,https://en.wiktionary.org/wiki/combination
decomposition,https://en.wiktionary.org/wiki/decomposition
whole,https://en.wiktionary.org/wiki/whole
part,https://en.wiktionary.org/wiki/part
completeness,https://en.wiktionary.org/wiki/completeness
incompleteness,https://en.wiktionary.org/wiki/incompleteness
composition,https://en.wiktionary.org/wiki/composition
exclusion,https://en.wiktionary.org/wiki/exclusion
component,https://en.wiktionary.org/wiki/component
extraneousness,https://en.wiktionary.org/wiki/extraneousness
order,https://en.wiktionary.org/wiki/order
disorder,https://en.wiktionary.org/wiki/disorder
complexity,https://en.wiktionary.org/wiki/complexity
arrangement,https://en.wiktionary.org/wiki/arrangement
derangement,https://en.wiktionary.org/wiki/derangement
precedence,https://en.wiktionary.org/wiki/precedence
sequence,https://en.wiktionary.org/wiki/sequence
precursor,https://en.wiktionary.org/wiki/precursor
sequel,https://en.wiktionary.org/wiki/sequel
beginning,https://en.wiktionary.org/wiki/beginning
end,https://en.wiktionary.org/wiki/end
middle,https://en.wiktionary.org/wiki/middle
continuity,https://en.wiktionary.org/wiki/continuity
discontinuity,https://en.wiktionary.org/wiki/discontinuity
term,https://en.wiktionary.org/wiki/term
assemblage,https://en.wiktionary.org/wiki/assemblage
nonassemblage,https://en.wiktionary.org/w/index.php?title=nonassemblage&action=edit&redlink=1
focus,https://en.wiktionary.org/wiki/focus
class,https://en.wiktionary.org/wiki/class
inclusion,https://en.wiktionary.org/wiki/inclusion
exclusion,https://en.wiktionary.org/wiki/exclusion
generality,https://en.wiktionary.org/wiki/generality
speciality,https://en.wiktionary.org/wiki/speciality
normality,https://en.wiktionary.org/wiki/normality
multiformity,https://en.wiktionary.org/wiki/multiformity
conformity,https://en.wiktionary.org/wiki/conformity
unconformity,https://en.wiktionary.org/wiki/unconformity
number,https://en.wiktionary.org/wiki/number
numeration,https://en.wiktionary.org/wiki/numeration
list,https://en.wiktionary.org/wiki/list
unity,https://en.wiktionary.org/wiki/unity
accompaniment,https://en.wiktionary.org/wiki/accompaniment
duality,https://en.wiktionary.org/wiki/duality
duplication,https://en.wiktionary.org/wiki/duplication
bisection,https://en.wiktionary.org/wiki/bisection
triality,https://en.wiktionary.org/wiki/triality
triplication,https://en.wiktionary.org/wiki/triplication
trisection,https://en.wiktionary.org/wiki/trisection
four,https://en.wiktionary.org/wiki/four
quadruplication,https://en.wiktionary.org/wiki/quadruplication
quadrisection,https://en.wiktionary.org/wiki/quadrisection
five,https://en.wiktionary.org/wiki/five
quinquesection,https://en.wiktionary.org/wiki/quinquesection
plurality,https://en.wiktionary.org/wiki/plurality
fraction,https://en.wiktionary.org/wiki/fraction
zero,https://en.wiktionary.org/wiki/zero
multitude,https://en.wiktionary.org/wiki/multitude
fewness,https://en.wiktionary.org/wiki/fewness
repetition,https://en.wiktionary.org/wiki/repetition
infinity,https://en.wiktionary.org/wiki/infinity
time,
neverness,
period,
contingent duration,
course ,
diuturnity ,
transientness ,
perpetuity ,
instantaneity ,
chronometry,
anachronism,
priority,https://en.wiktionary.org/wiki/priority
posteriority,https://en.wiktionary.org/wiki/posteriority
present time,https://en.wiktionary.org/w/index.php?title=present_time&action=edit&redlink=1
different time,https://en.wiktionary.org/w/index.php?title=different_time&action=edit&redlink=1
synchronism,https://en.wiktionary.org/wiki/synchronism
futurity,https://en.wiktionary.org/wiki/futurity
past,https://en.wiktionary.org/wiki/past
newness,https://en.wiktionary.org/wiki/newness
oldness,https://en.wiktionary.org/wiki/oldness
morning,https://en.wiktionary.org/wiki/morning
evening,https://en.wiktionary.org/wiki/evening
youth,https://en.wiktionary.org/wiki/youth
age,https://en.wiktionary.org/wiki/age
infant,https://en.wiktionary.org/wiki/infant
veteran,https://en.wiktionary.org/wiki/veteran
adolescence,https://en.wiktionary.org/wiki/adolescence
earliness,https://en.wiktionary.org/wiki/earliness
punctuality,https://en.wiktionary.org/wiki/punctuality
lateness,https://en.wiktionary.org/wiki/lateness
occasion,https://en.wiktionary.org/wiki/occasion
untimeliness,https://en.wiktionary.org/wiki/untimeliness
frequency, 
infrequency,
periodicity,
irregularity of recurrence,
change,https://en.wiktionary.org/wiki/change
permanence,https://en.wiktionary.org/wiki/permanence
cessation,https://en.wiktionary.org/wiki/cessation
continuance in action,https://en.wiktionary.org/wiki/continuance
conversion,https://en.wiktionary.org/wiki/conversion
reversion,https://en.wiktionary.org/wiki/reversion
revolution,https://en.wiktionary.org/wiki/revolution
substitution,https://en.wiktionary.org/wiki/substitution
interchange,https://en.wiktionary.org/wiki/interchange
changeableness,https://en.wiktionary.org/wiki/changeableness
stability,https://en.wiktionary.org/wiki/stability
eventuality,https://en.wiktionary.org/wiki/eventuality
destiny,https://en.wiktionary.org/wiki/destiny
cause,https://en.wiktionary.org/wiki/cause
effect,https://en.wiktionary.org/wiki/effect
attribution,https://en.wiktionary.org/wiki/attribution
chance,https://en.wiktionary.org/wiki/chance
power,https://en.wiktionary.org/wiki/power
impotence,https://en.wiktionary.org/wiki/impotence
strength,https://en.wiktionary.org/wiki/strength
weakness,https://en.wiktionary.org/wiki/weakness
production,https://en.wiktionary.org/wiki/production
destruction,https://en.wiktionary.org/wiki/destruction
reproduction,https://en.wiktionary.org/wiki/reproduction
producer,https://en.wiktionary.org/wiki/producer
destroyer,https://en.wiktionary.org/wiki/destroyer
paternity,https://en.wiktionary.org/wiki/paternity
posterity,https://en.wiktionary.org/wiki/posterity
productiveness,https://en.wiktionary.org/wiki/productiveness
unproductiveness,https://en.wiktionary.org/wiki/unproductiveness
agency,https://en.wiktionary.org/wiki/agency
energy,https://en.wiktionary.org/wiki/energy
inertness,https://en.wiktionary.org/wiki/inertness
violence,https://en.wiktionary.org/wiki/violence
moderation,https://en.wiktionary.org/wiki/moderation
influence,https://en.wiktionary.org/wiki/influence
absence of influence,https://en.wiktionary.org/wiki/impotence
tendency,https://en.wiktionary.org/wiki/tendency
liability,https://en.wiktionary.org/wiki/liability
concurrence,https://en.wiktionary.org/wiki/concurrence
counteraction,https://en.wiktionary.org/wiki/counteraction
space,https://en.wiktionary.org/wiki/space
inextension,https://en.wiktionary.org/wiki/inextension
region,https://en.wiktionary.org/wiki/region
place,https://en.wiktionary.org/wiki/place
situation,https://en.wiktionary.org/wiki/situation
location,https://en.wiktionary.org/wiki/location
displacement,https://en.wiktionary.org/wiki/displacement
presence,https://en.wiktionary.org/wiki/presence
absence,https://en.wiktionary.org/wiki/absence
inhabitant,https://en.wiktionary.org/wiki/inhabitant
abode,https://en.wiktionary.org/wiki/abode
contents,https://en.wiktionary.org/wiki/contents
receptacle,https://en.wiktionary.org/wiki/receptacle
size,https://en.wiktionary.org/wiki/size
littleness,https://en.wiktionary.org/wiki/littleness
expansion,https://en.wiktionary.org/wiki/expansion
contraction,https://en.wiktionary.org/wiki/contraction
distance,https://en.wiktionary.org/wiki/distance
nearness,https://en.wiktionary.org/wiki/nearness
interval,https://en.wiktionary.org/wiki/interval
contiguity,https://en.wiktionary.org/wiki/contiguity
length,https://en.wiktionary.org/wiki/length
shortness,https://en.wiktionary.org/wiki/shortness
breadth,https://en.wiktionary.org/wiki/breadth
narrowness,https://en.wiktionary.org/wiki/narrowness
layer,https://en.wiktionary.org/wiki/layer
filament,https://en.wiktionary.org/wiki/filament
height,https://en.wiktionary.org/wiki/height
lowness,https://en.wiktionary.org/wiki/lowness
depth,https://en.wiktionary.org/wiki/depth
shallowness,https://en.wiktionary.org/wiki/shallowness
summit,https://en.wiktionary.org/wiki/summit
base,https://en.wiktionary.org/wiki/base
verticality,https://en.wiktionary.org/wiki/verticality
horizontality,https://en.wiktionary.org/wiki/horizontality
pendency,https://en.wiktionary.org/wiki/pendency
support,https://en.wiktionary.org/wiki/support
parallelism,https://en.wiktionary.org/wiki/parallelism
perpendicularity,https://en.wiktionary.org/wiki/perpendicularity
obliquity,https://en.wiktionary.org/wiki/obliquity
inversion,https://en.wiktionary.org/wiki/inversion
crossing,https://en.wiktionary.org/wiki/crossing
exteriority,
interiority,
centrality, 
covering,
 lining,
 clothing, 
 divestment, 
 circumjacence,
 interposition, 
 circumscription 
 outline,
 edge,
 inclosure,
 limit, 
 front,
 rear,
 laterality, 
 contraposition,
 dextrality,
 sinistrality,
form,https://en.wiktionary.org/wiki/form
amorphism,https://en.wiktionary.org/wiki/amorphism
symmetry,https://en.wiktionary.org/wiki/symmetry
distortion,https://en.wiktionary.org/wiki/distortion
angularity,https://en.wiktionary.org/wiki/angularity
curvature,https://en.wiktionary.org/wiki/curvature
straightness,https://en.wiktionary.org/wiki/straightness
circularity,https://en.wiktionary.org/wiki/circularity
convolution,https://en.wiktionary.org/wiki/convolution
rotundity,https://en.wiktionary.org/wiki/rotundity
convexity,https://en.wiktionary.org/wiki/convexity
flatness,https://en.wiktionary.org/wiki/flatness
concavity,https://en.wiktionary.org/wiki/concavity
sponge,https://en.wiktionary.org/wiki/sponge
sharpness,https://en.wiktionary.org/wiki/sharpness
bluntness,https://en.wiktionary.org/wiki/bluntness
smoothness,https://en.wiktionary.org/wiki/smoothness
roughness,https://en.wiktionary.org/wiki/roughness
notch,https://en.wiktionary.org/wiki/notch
fold,https://en.wiktionary.org/wiki/fold
furrow,https://en.wiktionary.org/wiki/furrow
opening,https://en.wiktionary.org/wiki/opening
closure,https://en.wiktionary.org/wiki/closure
perforator,https://en.wiktionary.org/wiki/perforator
stopper,https://en.wiktionary.org/wiki/stopper
motion,https://en.wiktionary.org/wiki/motion
quiescence,https://en.wiktionary.org/wiki/quiescence
journey,https://en.wiktionary.org/wiki/journey
navigation,https://en.wiktionary.org/wiki/navigation
traveler,https://en.wiktionary.org/wiki/traveler
mariner,https://en.wiktionary.org/wiki/mariner
transference,https://en.wiktionary.org/wiki/transference
carrier,https://en.wiktionary.org/wiki/carrier
vehicle,https://en.wiktionary.org/wiki/vehicle
ship,https://en.wiktionary.org/wiki/ship
velocity,https://en.wiktionary.org/wiki/velocity
slowness,https://en.wiktionary.org/wiki/slowness
impulse,https://en.wiktionary.org/wiki/impulse
recoil,https://en.wiktionary.org/wiki/recoil
direction,https://en.wiktionary.org/wiki/direction
deviation,https://en.wiktionary.org/wiki/deviation
precession,https://en.wiktionary.org/wiki/precession
sequence,https://en.wiktionary.org/wiki/sequence
progression,https://en.wiktionary.org/wiki/progression
regression,https://en.wiktionary.org/wiki/regression
propulsion,https://en.wiktionary.org/wiki/propulsion
traction,https://en.wiktionary.org/wiki/traction
approach,https://en.wiktionary.org/wiki/approach
recession,https://en.wiktionary.org/wiki/recession
attraction,https://en.wiktionary.org/wiki/attraction
repulsion,https://en.wiktionary.org/wiki/repulsion
convergence,https://en.wiktionary.org/wiki/convergence
divergence,https://en.wiktionary.org/wiki/divergence
arrival,https://en.wiktionary.org/wiki/arrival
departure,https://en.wiktionary.org/wiki/departure
ingress,https://en.wiktionary.org/wiki/ingress
egress,https://en.wiktionary.org/wiki/egress
reception,https://en.wiktionary.org/wiki/reception
ejection,https://en.wiktionary.org/wiki/ejection
food,https://en.wiktionary.org/wiki/food
excretion,https://en.wiktionary.org/wiki/excretion
insertion,https://en.wiktionary.org/wiki/insertion
extraction,https://en.wiktionary.org/wiki/extraction
passage,https://en.wiktionary.org/wiki/passage
transcursion,https://en.wiktionary.org/wiki/transcursion
shortcoming,https://en.wiktionary.org/wiki/shortcoming
ascent,https://en.wiktionary.org/wiki/ascent
descent,https://en.wiktionary.org/wiki/descent
elevation,https://en.wiktionary.org/wiki/elevation
depression,https://en.wiktionary.org/wiki/depression
leap,https://en.wiktionary.org/wiki/leap
plunge,https://en.wiktionary.org/wiki/plunge
circuition,https://en.wiktionary.org/wiki/circuition
rotation,https://en.wiktionary.org/wiki/rotation
evolution,https://en.wiktionary.org/wiki/evolution
oscillation,https://en.wiktionary.org/wiki/oscillation
agitation,https://en.wiktionary.org/wiki/agitation
materiality,https://en.wiktionary.org/wiki/materiality
immateriality,https://en.wiktionary.org/wiki/immateriality
world,https://en.wiktionary.org/wiki/world
gravity,https://en.wiktionary.org/wiki/gravity
levity,https://en.wiktionary.org/wiki/levity
density, 
 rarity, 
 hardness, 
 softness, 
 elasticity,
 inelasticity,
 tenacity,
 brittleness,
 texture,
 pulverulence, 
 friction, 
 lubrication,
fluidity,https://en.wiktionary.org/wiki/fluidity
gaseity,https://en.wiktionary.org/wiki/gaseity
liquefaction,https://en.wiktionary.org/wiki/liquefaction
vaporization,https://en.wiktionary.org/wiki/vaporization
water,https://en.wiktionary.org/wiki/water
air,https://en.wiktionary.org/wiki/air
moisture,https://en.wiktionary.org/wiki/moisture
dryness,https://en.wiktionary.org/wiki/dryness
ocean,https://en.wiktionary.org/wiki/ocean
land,https://en.wiktionary.org/wiki/land
gulf,https://en.wiktionary.org/wiki/gulf
plain,https://en.wiktionary.org/wiki/plain
marsh,https://en.wiktionary.org/wiki/marsh
island,https://en.wiktionary.org/wiki/island
stream,https://en.wiktionary.org/wiki/stream
river,https://en.wiktionary.org/wiki/river
wind,https://en.wiktionary.org/wiki/wind
conduit,https://en.wiktionary.org/wiki/conduit
airpipe,https://en.wiktionary.org/wiki/airpipe
semiliquidity , 
bubble, 
pulpiness, 
unctuousness, 
oil, 
resin, 
organization,https://en.wiktionary.org/wiki/organization
inorganization,https://en.wiktionary.org/wiki/inorganization
life,https://en.wiktionary.org/wiki/life
death,https://en.wiktionary.org/wiki/death
killing,https://en.wiktionary.org/wiki/killing
corpse,https://en.wiktionary.org/wiki/corpse
interment,https://en.wiktionary.org/wiki/interment
animality,https://en.wiktionary.org/wiki/animality
vegetabilityâ€ ,https://en.wiktionary.org/wiki/vegetability
animal,https://en.wiktionary.org/wiki/animal
vegetable,https://en.wiktionary.org/wiki/vegetable
zoology,https://en.wiktionary.org/wiki/zoology
botany,https://en.wiktionary.org/wiki/botany
husbandry,https://en.wiktionary.org/wiki/husbandry
agriculture,https://en.wiktionary.org/wiki/agriculture
mankind,https://en.wiktionary.org/wiki/mankind
man,https://en.wiktionary.org/wiki/man
woman,https://en.wiktionary.org/wiki/woman
sexuality,https://en.wiktionary.org/wiki/sexuality
sensibility,https://en.wiktionary.org/wiki/sensibility
insensibility,https://en.wiktionary.org/wiki/insensibility
pleasure,https://en.wiktionary.org/wiki/pleasure
pain,https://en.wiktionary.org/wiki/pain
touch,https://en.wiktionary.org/wiki/touch
sensations,https://en.wiktionary.org/wiki/sensations
numbness,https://en.wiktionary.org/wiki/numbness
heat,https://en.wiktionary.org/wiki/heat
cold,https://en.wiktionary.org/wiki/cold
calefaction,https://en.wiktionary.org/wiki/calefaction
refrigeration,https://en.wiktionary.org/wiki/refrigeration
furnace,https://en.wiktionary.org/wiki/furnace
refrigerator,https://en.wiktionary.org/wiki/refrigerator
fuel,https://en.wiktionary.org/wiki/fuel
insulation,https://en.wiktionary.org/wiki/insulation
thermometer,https://en.wiktionary.org/wiki/thermometer
taste,https://en.wiktionary.org/wiki/taste
insipidity,https://en.wiktionary.org/wiki/insipidity
pungency,https://en.wiktionary.org/wiki/pungency
saltiness,https://en.wiktionary.org/wiki/saltiness
bitterness,https://en.wiktionary.org/wiki/bitterness
condiment,https://en.wiktionary.org/wiki/condiment
savoriness,https://en.wiktionary.org/wiki/savoriness
unsavoriness,https://en.wiktionary.org/wiki/unsavoriness
sweetness,https://en.wiktionary.org/wiki/sweetness
sourness,https://en.wiktionary.org/wiki/sourness
odor,https://en.wiktionary.org/wiki/odor
inodorousness,https://en.wiktionary.org/wiki/inodorousness
fragrance,https://en.wiktionary.org/wiki/fragrance
fetor,https://en.wiktionary.org/wiki/fetor
acridity,https://en.wiktionary.org/wiki/acridity
sound , 
 silence ,  
loudness ,  
faintness ,  
snap ,  
roll ,  
resonance , 
nonresonance ,
 sibilation , 
 stridor ,
 cry ,  
 musical instrument ,  
 light , 
 darkness , 
 dimness ,
 luminary ,
  shade ,
 transparency ,  
opacity , 
 turbidity ,
 semitransparency , 
 color ,  
achromatism , 
 whiteness ,
 blackness ,  
gray ,
 brown ,
 redness ,
 greenness ,
 yellowness ,
 purple ,
 blueness ,
 orange ,
 variegation ,
 vision , 
 blindness ,
 dimsightedness ,
 spectator ,
 optical instruments ,
 visibility , 
 invisibility , 
 appearance , 
 disappearance,
intellect,https://en.wiktionary.org/wiki/intellect
intellect,https://en.wiktionary.org/wiki/intellect
thought,https://en.wiktionary.org/wiki/thought
incogitancy,https://en.wiktionary.org/wiki/incogitancy
idea,https://en.wiktionary.org/wiki/idea
topic,https://en.wiktionary.org/wiki/topic
curiosity,https://en.wiktionary.org/wiki/curiosity
incuriosity,https://en.wiktionary.org/wiki/incuriosity
attention,https://en.wiktionary.org/wiki/attention
inattention,https://en.wiktionary.org/wiki/inattention
care,https://en.wiktionary.org/wiki/care
neglect,https://en.wiktionary.org/wiki/neglect
inquiry,https://en.wiktionary.org/wiki/inquiry
answer,https://en.wiktionary.org/wiki/answer
experiment,https://en.wiktionary.org/wiki/experiment
comparison,https://en.wiktionary.org/wiki/comparison
incomparability,https://en.wiktionary.org/wiki/incomparability
discrimination,https://en.wiktionary.org/wiki/discrimination
indiscrimination,https://en.wiktionary.org/wiki/indiscrimination
identification,https://en.wiktionary.org/wiki/identification
measurement,https://en.wiktionary.org/wiki/measurement
evidence,https://en.wiktionary.org/wiki/evidence
counter evidence,https://en.wiktionary.org/w/index.php?title=counter_evidence&action=edit&redlink=1
qualification,https://en.wiktionary.org/wiki/qualification
possibility,https://en.wiktionary.org/wiki/possibility
impossibility,https://en.wiktionary.org/wiki/impossibility
probability,https://en.wiktionary.org/wiki/probability
improbability,https://en.wiktionary.org/wiki/improbability
certainty,https://en.wiktionary.org/wiki/certainty
uncertainty,https://en.wiktionary.org/wiki/uncertainty
reasoning,https://en.wiktionary.org/wiki/reasoning
intuition,https://en.wiktionary.org/wiki/intuition
demonstration,https://en.wiktionary.org/wiki/demonstration
confutation,https://en.wiktionary.org/wiki/confutation
judgment,https://en.wiktionary.org/wiki/judgment
discovery,https://en.wiktionary.org/wiki/discovery
misjudgment,https://en.wiktionary.org/wiki/misjudgment
overestimation,https://en.wiktionary.org/wiki/overestimation
underestimation,https://en.wiktionary.org/wiki/underestimation
belief,https://en.wiktionary.org/wiki/belief
unbelief,https://en.wiktionary.org/wiki/unbelief
credulity,https://en.wiktionary.org/wiki/credulity
incredulity,https://en.wiktionary.org/wiki/incredulity
assent,https://en.wiktionary.org/wiki/assent
dissent,https://en.wiktionary.org/wiki/dissent
knowledge,https://en.wiktionary.org/wiki/knowledge
ignorance,https://en.wiktionary.org/wiki/ignorance
scholar,https://en.wiktionary.org/wiki/scholar
ignoramus,https://en.wiktionary.org/wiki/ignoramus
truth,https://en.wiktionary.org/wiki/truth
error,https://en.wiktionary.org/wiki/error
maxim,https://en.wiktionary.org/wiki/maxim
absurdity,https://en.wiktionary.org/wiki/absurdity
intelligence,https://en.wiktionary.org/wiki/intelligence
imbecility,https://en.wiktionary.org/wiki/imbecility
sage,https://en.wiktionary.org/wiki/sage
fool,https://en.wiktionary.org/wiki/fool
sanity,https://en.wiktionary.org/wiki/sanity
insanity,https://en.wiktionary.org/wiki/insanity
madman,https://en.wiktionary.org/wiki/madman
memory,https://en.wiktionary.org/wiki/memory
oblivion,https://en.wiktionary.org/wiki/oblivion
expectation,https://en.wiktionary.org/wiki/expectation
inexpectation,https://en.wiktionary.org/wiki/inexpectation
disappointment,https://en.wiktionary.org/wiki/disappointment
foresight,https://en.wiktionary.org/wiki/foresight
prediction,https://en.wiktionary.org/wiki/prediction
omen,https://en.wiktionary.org/wiki/omen
oracle,https://en.wiktionary.org/wiki/oracle
supposition,https://en.wiktionary.org/wiki/supposition
analogy,https://en.wiktionary.org/wiki/analogy
imagination,https://en.wiktionary.org/wiki/imagination
meaning,https://en.wiktionary.org/wiki/meaning
unmeaningness,https://en.wiktionary.org/wiki/unmeaningness
intelligibility,https://en.wiktionary.org/wiki/intelligibility
unintelligibility,https://en.wiktionary.org/wiki/unintelligibility
equivocalness,https://en.wiktionary.org/wiki/equivocalness
metaphor,https://en.wiktionary.org/wiki/metaphor
interpretation,https://en.wiktionary.org/wiki/interpretation
misinterpretation,https://en.wiktionary.org/wiki/misinterpretation
interpreter,https://en.wiktionary.org/wiki/interpreter
manifestation,https://en.wiktionary.org/wiki/manifestation
latency,https://en.wiktionary.org/wiki/latency
information,https://en.wiktionary.org/wiki/information
correction,https://en.wiktionary.org/wiki/correction
concealment,https://en.wiktionary.org/wiki/concealment
disclosure,https://en.wiktionary.org/wiki/disclosure
ambush,https://en.wiktionary.org/wiki/ambush
publication,https://en.wiktionary.org/wiki/publication
news,https://en.wiktionary.org/wiki/news
secret,https://en.wiktionary.org/wiki/secret
messenger,https://en.wiktionary.org/wiki/messenger
affirmation,https://en.wiktionary.org/wiki/affirmation
negation,https://en.wiktionary.org/wiki/negation
teaching,https://en.wiktionary.org/wiki/teaching
misteaching,https://en.wiktionary.org/wiki/misteaching
learning,https://en.wiktionary.org/wiki/learning
teacher,https://en.wiktionary.org/wiki/teacher
learner,https://en.wiktionary.org/wiki/learner
school,https://en.wiktionary.org/wiki/school
veracity,https://en.wiktionary.org/wiki/veracity
falsehood,https://en.wiktionary.org/wiki/falsehood
deception,https://en.wiktionary.org/wiki/deception
untruth,https://en.wiktionary.org/wiki/untruth
dupe,https://en.wiktionary.org/wiki/dupe
deceiver,https://en.wiktionary.org/wiki/deceiver
exaggeration,https://en.wiktionary.org/wiki/exaggeration
indication,https://en.wiktionary.org/wiki/indication
record,https://en.wiktionary.org/wiki/record
obliteration,https://en.wiktionary.org/wiki/obliteration
recorder,https://en.wiktionary.org/wiki/recorder
representation,https://en.wiktionary.org/wiki/representation
misrepresentation,https://en.wiktionary.org/wiki/misrepresentation
painting,https://en.wiktionary.org/wiki/painting
sculpture,https://en.wiktionary.org/wiki/sculpture
engraving,https://en.wiktionary.org/wiki/engraving
artist,https://en.wiktionary.org/wiki/artist
 language , 
 letter ,
 word ,  
neologism ,
 nomenclature , 
 misnomer ,
 phrase , 
 grammar ,
 solecism ,
 style ,  
perspicuity ,
 obscurity ,
 conciseness ,
  diffuseness , 
 vigor ,
 feebleness ,
 plainness ,  
ornament , 
 elegance ,
 inelegance ,
 voice , 
 aphony ,
  speech , 
 stammering , 
 loquacity , 
 taciturnity ,
  allocution , 
 response ,
 conversation , 
 soliloquy ,
 writing , 
 printing ,
 correspondence ,
 book ,
  description ,
  dissertation ,
 compendium , 
 poetry ,
 prose ,
 The drama , 
will,https://en.wiktionary.org/wiki/will
necessity,https://en.wiktionary.org/wiki/necessity
willingness,https://en.wiktionary.org/wiki/willingness
unwillingness,https://en.wiktionary.org/wiki/unwillingness
resolution,https://en.wiktionary.org/wiki/resolution
perseverance,https://en.wiktionary.org/wiki/perseverance
irresolution,https://en.wiktionary.org/wiki/irresolution
obstinacy,https://en.wiktionary.org/wiki/obstinacy
tergiversation,https://en.wiktionary.org/wiki/tergiversation
caprice,https://en.wiktionary.org/wiki/caprice
choice,https://en.wiktionary.org/wiki/choice
choice,https://en.wiktionary.org/wiki/choice
rejection,https://en.wiktionary.org/wiki/rejection
predetermination,https://en.wiktionary.org/wiki/predetermination
impulse,https://en.wiktionary.org/wiki/impulse
habit,https://en.wiktionary.org/wiki/habit
desuetude,https://en.wiktionary.org/wiki/desuetude
motive,https://en.wiktionary.org/wiki/motive
motive,https://en.wiktionary.org/wiki/motive
dissuasion,https://en.wiktionary.org/wiki/dissuasion
pretext,https://en.wiktionary.org/wiki/pretext
good,https://en.wiktionary.org/wiki/good
evil,https://en.wiktionary.org/wiki/evil
intention,https://en.wiktionary.org/wiki/intention
chance,https://en.wiktionary.org/wiki/chance
pursuit,https://en.wiktionary.org/wiki/pursuit
avoidance,https://en.wiktionary.org/wiki/avoidance
relinquishment,https://en.wiktionary.org/wiki/relinquishment
business,https://en.wiktionary.org/wiki/business
plan,https://en.wiktionary.org/wiki/plan
method,https://en.wiktionary.org/wiki/method
mid-course,https://en.wiktionary.org/w/index.php?title=mid-course&action=edit&redlink=1
circuit,https://en.wiktionary.org/wiki/circuit
requirement,https://en.wiktionary.org/wiki/requirement
 instrumentality ,
 means ,
  instrument , 
 substitute ,
 materials , 
 store ,
 provision ,
 waste ,  
sufficiency , 
 insufficiency ,
  redundancy ,
 importance , 
 unimportance ,  
utility , 
 inutility , 
 expedience ,
 inexpedience ,
 goodness ,
badness , 
 perfection ,  
imperfection , 
 cleanness , 
 uncleanness ,
  health ,  
disease , 
 salubrity ,
 insalubrity ,
 improvement , 
 deterioration ,  
restoration , 
 relapse ,
 remedy , 
  bane ,
safety , 
 danger ,  
refuge ,  
pitfall ,
 warning ,  
alarm ,
 preservation ,  
escape ,
 deliverance ,
preparation,https://en.wiktionary.org/wiki/preparation
nonpreparation,https://en.wiktionary.org/wiki/nonpreparation
essay,https://en.wiktionary.org/wiki/essay
undertaking,https://en.wiktionary.org/wiki/undertaking
use,https://en.wiktionary.org/wiki/use
disuse,https://en.wiktionary.org/wiki/disuse
misuse,https://en.wiktionary.org/wiki/misuse
action,https://en.wiktionary.org/wiki/action
inaction,https://en.wiktionary.org/wiki/inaction
activity,https://en.wiktionary.org/wiki/activity
inactivity,https://en.wiktionary.org/wiki/inactivity
haste,https://en.wiktionary.org/wiki/haste
leisure,https://en.wiktionary.org/wiki/leisure
exertion,https://en.wiktionary.org/wiki/exertion
repose,https://en.wiktionary.org/wiki/repose
fatigue,https://en.wiktionary.org/wiki/fatigue
refreshment,https://en.wiktionary.org/wiki/refreshment
agent,https://en.wiktionary.org/wiki/agent
workshop,https://en.wiktionary.org/wiki/workshop
conduct,https://en.wiktionary.org/wiki/conduct
direction,https://en.wiktionary.org/wiki/direction
director,https://en.wiktionary.org/wiki/director
advice,https://en.wiktionary.org/wiki/advice
council,https://en.wiktionary.org/wiki/council
precept,https://en.wiktionary.org/wiki/precept
skill,https://en.wiktionary.org/wiki/skill
unskillfulness,https://en.wiktionary.org/wiki/unskillfulness
proficient,https://en.wiktionary.org/wiki/proficient
bungler,https://en.wiktionary.org/wiki/bungler
cunning,https://en.wiktionary.org/wiki/cunning
artlessness,https://en.wiktionary.org/wiki/artlessness
difficulty,https://en.wiktionary.org/wiki/difficulty
facility,https://en.wiktionary.org/wiki/facility
hindrance,https://en.wiktionary.org/wiki/hindrance
aid,https://en.wiktionary.org/wiki/aid
opposition,https://en.wiktionary.org/wiki/opposition
cooperation,https://en.wiktionary.org/wiki/cooperation
opponent,https://en.wiktionary.org/wiki/opponent
auxiliary,https://en.wiktionary.org/wiki/auxiliary
party,https://en.wiktionary.org/wiki/party
discord,https://en.wiktionary.org/wiki/discord
concord,https://en.wiktionary.org/wiki/concord
defiance,https://en.wiktionary.org/wiki/defiance
attack,https://en.wiktionary.org/wiki/attack
defense,https://en.wiktionary.org/wiki/defense
retaliation,https://en.wiktionary.org/wiki/retaliation
resistance,https://en.wiktionary.org/wiki/resistance
contention,https://en.wiktionary.org/wiki/contention
peace,https://en.wiktionary.org/wiki/peace
warfare,https://en.wiktionary.org/wiki/warfare
pacification,https://en.wiktionary.org/wiki/pacification
mediation,https://en.wiktionary.org/wiki/mediation
submission,https://en.wiktionary.org/wiki/submission
combatant,https://en.wiktionary.org/wiki/combatant
arms,https://en.wiktionary.org/wiki/arms
arena,https://en.wiktionary.org/wiki/arena
completion,https://en.wiktionary.org/wiki/completion
noncompletion,https://en.wiktionary.org/wiki/noncompletion
success,https://en.wiktionary.org/wiki/success
failure,https://en.wiktionary.org/wiki/failure
trophy,https://en.wiktionary.org/wiki/trophy
prosperity,https://en.wiktionary.org/wiki/prosperity
adversity,https://en.wiktionary.org/wiki/adversity
mediocrity,https://en.wiktionary.org/wiki/mediocrity
authority,https://en.wiktionary.org/wiki/authority
government,https://en.wiktionary.org/wiki/government
politics,https://en.wiktionary.org/wiki/politics
laxity,https://en.wiktionary.org/wiki/laxity
severity,https://en.wiktionary.org/wiki/severity
lenity,https://en.wiktionary.org/wiki/lenity
command,https://en.wiktionary.org/wiki/command
disobedience,https://en.wiktionary.org/wiki/disobedience
obedience,https://en.wiktionary.org/wiki/obedience
compulsion,https://en.wiktionary.org/wiki/compulsion
master,https://en.wiktionary.org/wiki/master
servant,https://en.wiktionary.org/wiki/servant
scepter,https://en.wiktionary.org/wiki/scepter
freedom,https://en.wiktionary.org/wiki/freedom
subjection,https://en.wiktionary.org/wiki/subjection
liberation,https://en.wiktionary.org/wiki/liberation
restraint,https://en.wiktionary.org/wiki/restraint
prison,https://en.wiktionary.org/wiki/prison
keeper,https://en.wiktionary.org/wiki/keeper
prisoner,https://en.wiktionary.org/wiki/prisoner
commission,https://en.wiktionary.org/wiki/commission
abrogation,https://en.wiktionary.org/wiki/abrogation
resignation,https://en.wiktionary.org/wiki/resignation
consignee,https://en.wiktionary.org/wiki/consignee
deputy,https://en.wiktionary.org/wiki/deputy
permission,https://en.wiktionary.org/wiki/permission
prohibition,https://en.wiktionary.org/wiki/prohibition
consent,https://en.wiktionary.org/wiki/consent
offer,https://en.wiktionary.org/wiki/offer
refusal,https://en.wiktionary.org/wiki/refusal
request,https://en.wiktionary.org/wiki/request
deprecation,https://en.wiktionary.org/wiki/deprecation
petitioner,https://en.wiktionary.org/wiki/petitioner
promise,https://en.wiktionary.org/wiki/promise
release from engagement,https://en.wiktionary.org/wiki/release
compact,https://en.wiktionary.org/wiki/compact
conditions,https://en.wiktionary.org/wiki/conditions
security,https://en.wiktionary.org/wiki/security
observance,https://en.wiktionary.org/wiki/observance
nonobservance,https://en.wiktionary.org/wiki/nonobservance
compromise,https://en.wiktionary.org/wiki/compromise
acquisition,https://en.wiktionary.org/wiki/acquisition
loss,https://en.wiktionary.org/wiki/loss
possession,https://en.wiktionary.org/wiki/possession
exemption,https://en.wiktionary.org/wiki/exemption
participation,https://en.wiktionary.org/wiki/participation
possessor,https://en.wiktionary.org/wiki/possessor
property,https://en.wiktionary.org/wiki/property
retention,https://en.wiktionary.org/wiki/retention
relinquishment,https://en.wiktionary.org/wiki/relinquishment
transfer,https://en.wiktionary.org/wiki/transfer
giving,https://en.wiktionary.org/wiki/giving
receiving,https://en.wiktionary.org/wiki/receiving
apportionment,https://en.wiktionary.org/wiki/apportionment
lending,https://en.wiktionary.org/wiki/lending
borrowing,https://en.wiktionary.org/wiki/borrowing
taking,https://en.wiktionary.org/wiki/taking
restitution,https://en.wiktionary.org/wiki/restitution
stealing,https://en.wiktionary.org/wiki/stealing
thief,https://en.wiktionary.org/wiki/thief
booty,https://en.wiktionary.org/wiki/booty
barter,https://en.wiktionary.org/wiki/barter
purchase,https://en.wiktionary.org/wiki/purchase
sale,https://en.wiktionary.org/wiki/sale
merchant,https://en.wiktionary.org/wiki/merchant
merchandise,https://en.wiktionary.org/wiki/merchandise
mart,https://en.wiktionary.org/wiki/mart
stock market,https://en.wiktionary.org/wiki/stock_market
securities,https://en.wiktionary.org/wiki/securities
Category:Thesaurus:Wealth,https://en.wiktionary.org/wiki/Category:Thesaurus:Wealth
money,https://en.wiktionary.org/wiki/money
treasurer,https://en.wiktionary.org/wiki/treasurer
treasury,https://en.wiktionary.org/wiki/treasury
wealth,https://en.wiktionary.org/wiki/wealth
poverty,https://en.wiktionary.org/wiki/poverty
credit,https://en.wiktionary.org/wiki/credit
debt,https://en.wiktionary.org/wiki/debt
payment,https://en.wiktionary.org/wiki/payment
nonpayment,https://en.wiktionary.org/wiki/nonpayment
expenditure,https://en.wiktionary.org/wiki/expenditure
receipt,https://en.wiktionary.org/wiki/receipt
accounts,https://en.wiktionary.org/wiki/accounts
price,https://en.wiktionary.org/wiki/price
value,https://en.wiktionary.org/wiki/value
worthlessness,https://en.wiktionary.org/wiki/worthlessness
discount,https://en.wiktionary.org/wiki/discount
dearness,https://en.wiktionary.org/wiki/dearness
cheapness,https://en.wiktionary.org/wiki/cheapness
liberality,https://en.wiktionary.org/wiki/liberality
economy,https://en.wiktionary.org/wiki/economy
greed,https://en.wiktionary.org/wiki/greed
prodigality,https://en.wiktionary.org/wiki/prodigality
parsimony,https://en.wiktionary.org/wiki/parsimony
affections,https://en.wiktionary.org/wiki/affections
feeling,https://en.wiktionary.org/wiki/feeling
sensibility,https://en.wiktionary.org/wiki/sensibility
insensibility,https://en.wiktionary.org/wiki/insensibility
excitation,https://en.wiktionary.org/wiki/excitation
excitability,https://en.wiktionary.org/wiki/excitability
inexcitability,https://en.wiktionary.org/wiki/inexcitability
pleasure,https://en.wiktionary.org/wiki/pleasure
pain,https://en.wiktionary.org/wiki/pain
pleasurableness,https://en.wiktionary.org/wiki/pleasurableness
painfulness,https://en.wiktionary.org/wiki/painfulness
content,https://en.wiktionary.org/wiki/content
discontent,https://en.wiktionary.org/wiki/discontent
regret,https://en.wiktionary.org/wiki/regret
relief,https://en.wiktionary.org/wiki/relief
aggravation,https://en.wiktionary.org/wiki/aggravation
cheerfulness,https://en.wiktionary.org/wiki/cheerfulness
dejection,https://en.wiktionary.org/wiki/dejection
rejoicing,https://en.wiktionary.org/wiki/rejoicing
lamentation,https://en.wiktionary.org/wiki/lamentation
amusement,https://en.wiktionary.org/wiki/amusement
weariness,https://en.wiktionary.org/wiki/weariness
wit,https://en.wiktionary.org/wiki/wit
dullness,https://en.wiktionary.org/wiki/dullness
humorist,https://en.wiktionary.org/wiki/humorist
beauty,https://en.wiktionary.org/wiki/beauty
ugliness,https://en.wiktionary.org/wiki/ugliness
ornament,https://en.wiktionary.org/wiki/ornament
jewelry,https://en.wiktionary.org/wiki/jewelry
blemish,https://en.wiktionary.org/wiki/blemish
simplicity,https://en.wiktionary.org/wiki/simplicity
taste,https://en.wiktionary.org/wiki/taste
vulgarity,https://en.wiktionary.org/wiki/vulgarity
fashion,https://en.wiktionary.org/wiki/fashion
ridiculousness,https://en.wiktionary.org/wiki/ridiculousness
fop,https://en.wiktionary.org/wiki/fop
affectation,https://en.wiktionary.org/wiki/affectation
ridicule,https://en.wiktionary.org/wiki/ridicule
laughingstock,https://en.wiktionary.org/wiki/laughingstock
hope,https://en.wiktionary.org/wiki/hope
hopelessness,https://en.wiktionary.org/wiki/hopelessness
fear,https://en.wiktionary.org/wiki/fear
courage,https://en.wiktionary.org/wiki/courage
cowardice,https://en.wiktionary.org/wiki/cowardice
rashness,https://en.wiktionary.org/wiki/rashness
caution,https://en.wiktionary.org/wiki/caution
desire,https://en.wiktionary.org/wiki/desire
indifference,https://en.wiktionary.org/wiki/indifference
dislike,https://en.wiktionary.org/wiki/dislike
fastidiousness,https://en.wiktionary.org/wiki/fastidiousness
satiety,https://en.wiktionary.org/wiki/satiety
wonder,https://en.wiktionary.org/wiki/wonder
expectance,https://en.wiktionary.org/wiki/expectance
prodigy,https://en.wiktionary.org/wiki/prodigy
repute,https://en.wiktionary.org/wiki/repute
disrepute,https://en.wiktionary.org/wiki/disrepute
nobility,https://en.wiktionary.org/wiki/nobility
commonalty,https://en.wiktionary.org/wiki/commonalty
title,https://en.wiktionary.org/wiki/title
pride,https://en.wiktionary.org/wiki/pride
humility,https://en.wiktionary.org/wiki/humility
vanity,https://en.wiktionary.org/wiki/vanity
modesty,https://en.wiktionary.org/wiki/modesty
ostentation,https://en.wiktionary.org/wiki/ostentation
celebration,https://en.wiktionary.org/wiki/celebration
boasting,https://en.wiktionary.org/wiki/boasting
insolence,https://en.wiktionary.org/wiki/insolence
servility,https://en.wiktionary.org/wiki/servility
blusterer,https://en.wiktionary.org/wiki/blusterer
friendship,https://en.wiktionary.org/wiki/friendship
enmity,https://en.wiktionary.org/wiki/enmity
friend,https://en.wiktionary.org/wiki/friend
enemy,https://en.wiktionary.org/wiki/enemy
sociality,https://en.wiktionary.org/wiki/sociality
seclusion,https://en.wiktionary.org/wiki/seclusion
courtesy,https://en.wiktionary.org/wiki/courtesy
discourtesy,https://en.wiktionary.org/wiki/discourtesy
congratulation,https://en.wiktionary.org/wiki/congratulation
love,https://en.wiktionary.org/wiki/love
hate,https://en.wiktionary.org/wiki/hate
favorite,https://en.wiktionary.org/wiki/favorite
resentment,https://en.wiktionary.org/wiki/resentment
irascibility,https://en.wiktionary.org/wiki/irascibility
sullenness,https://en.wiktionary.org/wiki/sullenness
endearment,https://en.wiktionary.org/wiki/endearment
marriage,https://en.wiktionary.org/wiki/marriage
celibacy,https://en.wiktionary.org/wiki/celibacy
divorce,https://en.wiktionary.org/wiki/divorce
benevolence,https://en.wiktionary.org/wiki/benevolence
malevolence,https://en.wiktionary.org/wiki/malevolence
malediction,https://en.wiktionary.org/wiki/malediction
threat,https://en.wiktionary.org/wiki/threat
philanthropy,https://en.wiktionary.org/wiki/philanthropy
misanthropy,https://en.wiktionary.org/wiki/misanthropy
benefactor,https://en.wiktionary.org/wiki/benefactor
evil doer,https://en.wiktionary.org/wiki/evil-doer
pity,https://en.wiktionary.org/wiki/pity
pitilessness,https://en.wiktionary.org/wiki/pitilessness
condolence,https://en.wiktionary.org/wiki/condolence
gratitude,https://en.wiktionary.org/wiki/gratitude
ingratitude,https://en.wiktionary.org/wiki/ingratitude
forgiveness,https://en.wiktionary.org/wiki/forgiveness
revenge,https://en.wiktionary.org/wiki/revenge
jealousy,https://en.wiktionary.org/wiki/jealousy
envy,https://en.wiktionary.org/wiki/envy
right,https://en.wiktionary.org/wiki/right
wrong,https://en.wiktionary.org/wiki/wrong
dueness,https://en.wiktionary.org/wiki/dueness
undueness,https://en.wiktionary.org/wiki/undueness
duty,https://en.wiktionary.org/wiki/duty
dereliction of duty,https://en.wiktionary.org/w/index.php?title=dereliction_of_duty&action=edit&redlink=1
exemption,https://en.wiktionary.org/wiki/exemption
respect,https://en.wiktionary.org/wiki/respect
disrespect,https://en.wiktionary.org/wiki/disrespect
contempt,https://en.wiktionary.org/wiki/contempt
approbation,https://en.wiktionary.org/wiki/approbation
disapprobation,https://en.wiktionary.org/wiki/disapprobation
flattery,https://en.wiktionary.org/wiki/flattery
detraction,https://en.wiktionary.org/wiki/detraction
flatterer,https://en.wiktionary.org/wiki/flatterer
detractor,https://en.wiktionary.org/wiki/detractor
vindication,https://en.wiktionary.org/wiki/vindication
accusation,https://en.wiktionary.org/wiki/accusation
probity,https://en.wiktionary.org/wiki/probity
improbity,https://en.wiktionary.org/wiki/improbity
knave,https://en.wiktionary.org/wiki/knave
disinterestedness,https://en.wiktionary.org/wiki/disinterestedness
selfishness,https://en.wiktionary.org/wiki/selfishness
virtue,https://en.wiktionary.org/wiki/virtue
vice,https://en.wiktionary.org/wiki/vice
innocence,https://en.wiktionary.org/wiki/innocence
guilt,https://en.wiktionary.org/wiki/guilt
good man,https://en.wiktionary.org/w/index.php?title=good_man&action=edit&redlink=1
bad man,https://en.wiktionary.org/w/index.php?title=bad_man&action=edit&redlink=1
penitence,https://en.wiktionary.org/wiki/penitence
impenitence,https://en.wiktionary.org/wiki/impenitence
atonement,https://en.wiktionary.org/wiki/atonement
temperance,https://en.wiktionary.org/wiki/temperance
intemperance,https://en.wiktionary.org/wiki/intemperance
sensualist,https://en.wiktionary.org/wiki/sensualist
asceticism,https://en.wiktionary.org/wiki/asceticism
fasting,https://en.wiktionary.org/wiki/fasting
gluttony,https://en.wiktionary.org/wiki/gluttony
sobriety,https://en.wiktionary.org/wiki/sobriety
drunkenness,https://en.wiktionary.org/wiki/drunkenness
purity,https://en.wiktionary.org/wiki/purity
impurity,https://en.wiktionary.org/wiki/impurity
libertine,https://en.wiktionary.org/wiki/libertine
legality,https://en.wiktionary.org/wiki/legality
illegality,https://en.wiktionary.org/wiki/illegality
jurisdiction,https://en.wiktionary.org/wiki/jurisdiction
tribunal,https://en.wiktionary.org/wiki/tribunal
judge,https://en.wiktionary.org/wiki/judge
lawyer,https://en.wiktionary.org/wiki/lawyer
lawsuit,https://en.wiktionary.org/wiki/lawsuit
acquittal,https://en.wiktionary.org/wiki/acquittal
condemnation,https://en.wiktionary.org/wiki/condemnation
punishment,https://en.wiktionary.org/wiki/punishment
reward,https://en.wiktionary.org/wiki/reward
penalty,https://en.wiktionary.org/wiki/penalty
scourge,https://en.wiktionary.org/wiki/scourge
deity,https://en.wiktionary.org/wiki/deity
angel,https://en.wiktionary.org/wiki/angel
satan,https://en.wiktionary.org/wiki/satan
jupiter,https://en.wiktionary.org/wiki/jupiter
demon,https://en.wiktionary.org/wiki/demon
heaven,https://en.wiktionary.org/wiki/heaven
hell,https://en.wiktionary.org/wiki/hell
theology,https://en.wiktionary.org/wiki/theology
orthodoxy,https://en.wiktionary.org/wiki/orthodoxy
heterodoxy,https://en.wiktionary.org/wiki/heterodoxy
Judeo-Christian revelation,https://en.wiktionary.org/wiki/revelation
pseudo-revelation,https://en.wiktionary.org/w/index.php?title=pseudo-revelation&action=edit&redlink=1
piety,https://en.wiktionary.org/wiki/piety
impiety,https://en.wiktionary.org/wiki/impiety
irreligion,https://en.wiktionary.org/wiki/irreligion
worship,https://en.wiktionary.org/wiki/worship
idolatry,https://en.wiktionary.org/wiki/idolatry
sorcery,https://en.wiktionary.org/wiki/sorcery
spell,https://en.wiktionary.org/wiki/spell
sorcerer,https://en.wiktionary.org/wiki/sorcerer
churchdom,https://en.wiktionary.org/wiki/churchdom
clergy,https://en.wiktionary.org/wiki/clergy
laity,https://en.wiktionary.org/wiki/laity
rite,https://en.wiktionary.org/wiki/rite
canonicals,https://en.wiktionary.org/wiki/canonicals
temple,https://en.wiktionary.org/wiki/temple